ID,Name
1,Camo Hat
2,Camo Pants
3,MK2 Grenade
4,Snow Camo Hat
5,Snow Camo Pants
6,M67 Grenade
7,Marine Cap
8,Marine Jacket
9,Walkie Talkie
10,Link White Hat
11,Link Mess Dress
12,Link Bubbly
13,Sergey Beard
14,Sergey Eyes
15,Red Plaid
16,Blue Plaid
17,Link Cube
18,Aave Hero Mask
19,Aave Hero Shirt
20,Aave Plush
21,Captain Aave Mask
22,Captain Aave Suit
23,Captain Aave Shield
24,Thaave Helmet
25,Thaave Suit
26,Thaave Hammer
27,Marc Hair
28,Marc Outfit
29,REKT Sign
30,Jordan Hair
31,Jordan Suit
32,Aave Flag
33,Stani Hair
34,Stani Vest
35,Aave Boat
36,ETH Logo Glasses
37,ETH Tshirt
38,32 ETH Coin
39,Foxy Mask
40,Foxy Tail
41,Trezor Wallet
42,Eagle Mask
43,Eagle Armor
44,DAO Egg
45,Ape Mask
46,Halfrekt Shirt
47,Waifu Pillow
48,Xibot Mohawk
49,Coderdan Shades
50,GldnXross Robe
51,Mudgen Diamond
52,Galaxy Brain
53,All-Seeing Eyes
54,Llamacorn Shirt
55,Aagent Headset
56,Aagent Shirt
57,Aagent Shades
58,Aagent Pistol
59,Aagent Fedora Hat
60,Common Wizard Hat
61,Legendary Wizard Hat
62,Mythical Wizard Hat
63,Godlike Wizard Hat
64,Common Wizard Staff
65,Legendary Wizard Staff
66,Wizard Visor
67,Straw Hat
68,Farmer Jeans
69,Pitchfork
70,Handsaw
71,Red Santa Hat
72,Jaay Hairpiece
73,Jaay Glasses
74,Jaay Suit
75,OKex Sign
76,Big GHST Token
77,Bitcoin Beanie
78,Black Jeans
79,Skateboard
80,Sushi Bandana
81,Sushi Coat
82,Sushi Piece
83,Sushi Knife
84,Gentleman Hat
85,Gentleman Coat
86,Monocle
87,Miner Helmet
88,Miner Jeans
89,Pickaxe
90,Pajama Hat
91,Pajama Shirt
92,Bedtime Milk
93,Fluffy Pillow
94,Sweatband
95,Track Shorts
96,Water bottle
97,Pillbox Hat
98,Day Dress
99,Parasol
100,Clutch
101,Witchy Hat
102,Witchy Cloak
103,Witchy Wand
104,Portal Mage Helmet
105,Portal Mage Armor
106,Portal Mage Axe
107,Portal Mage Black Axe
108,Rasta Hat
109,Rasta Shirt
110,Jamaican Flag
111,Hazmat Hood
112,Hazmat Suit
113,Uranium Rod
114,Red Hawaiian Shirt
115,Blue Hawaiian Shirt
116,Coconut
117,Cool shades
118,Water Jug
119,Baby Bottle
120,Martini
121,Wine
122,Milkshake
123,Apple Juice
124,Beer Helmet
125,Track Suit
126,Kinship Potion
127,Greater Kinship Potion
128,XP Potion
129,Greater XP Potion
130,Fireball
131,Dragon Horns
132,Dragon Wings
133,Pointy Horns
134,L2 Sign
135,Polygon Shirt
136,Polygon Cap
137,Vote Sign
138,Snapshot Shirt
139,Snapshot Cap
140,Elf Ears
141,Gemstone Ring
142,Princess Tiara
143,Gold Necklace
144,Princess Hair
145,Godli Locks
146,Imperial Moustache
147,Tiny Crown
148,Royal Scepter
149,Royal Crown
150,Royal Robes
151,Common Rofl
152,Uncommon Rofl
153,Rare Rofl
154,Legendary Rofl
155,Mythical Rofl
156,Godlike Rofl
157,Lil Pump Goatee
158,Lil Pump Drank
159,Lil Pump Shades
160,Lil Pump Threads
161,Lil Pump Dreads
162,Miami Shirt
163,Rarity Farming SZN 1 Round 1 TOP 10 RARITY
164,Rarity Farming SZN 1 Round 1 TOP 10 KINSHIP
165,Rarity Farming SZN 1 Round 1 TOP 10 EXPERIENCE
166,Rarity Farming SZN 1 Round 1 TOP 100 RARITY
167,Rarity Farming SZN 1 Round 1 TOP 100 KINSHIP
168,Rarity Farming SZN 1 Round 1 TOP 100 EXPERIENCE
169,Rarity Farming SZN 1 Round 2 TOP 10 RARITY
170,Rarity Farming SZN 1 Round 2 TOP 10 KINSHIP
171,Rarity Farming SZN 1 Round 2 TOP 10 EXPERIENCE
172,Rarity Farming SZN 1 Round 2 TOP 100 RARITY
173,Rarity Farming SZN 1 Round 2 TOP 100 KINSHIP
174,Rarity Farming SZN 1 Round 2 TOP 100 EXPERIENCE
175,Unicly LP uGOTCHI/ETH Q2 2021
176,Rarity Farming SZN 1 Round 3 TOP 10 RARITY
177,Rarity Farming SZN 1 Round 3 TOP 10 KINSHIP
178,Rarity Farming SZN 1 Round 3 TOP 10 EXPERIENCE
179,Rarity Farming SZN 1 Round 3 TOP 100 RARITY
180,Rarity Farming SZN 1 Round 3 TOP 100 KINSHIP
181,Rarity Farming SZN 1 Round 3 TOP 100 EXPERIENCE
182,Rarity Farming SZN 1 Round 4 TOP 10 RARITY
183,Rarity Farming SZN 1 Round 4 TOP 10 KINSHIP
184,Rarity Farming SZN 1 Round 4 TOP 10 EXPERIENCE
185,Rarity Farming SZN 1 Round 4 TOP 100 RARITY
186,Rarity Farming SZN 1 Round 4 TOP 100 KINSHIP
187,Rarity Farming SZN 1 Round 4 TOP 100 EXPERIENCE
188,CHAAMPION of Rarity Farming SZN 1 (Rarity)
189,CHAAMPION of Rarity Farming SZN 1 (Kinship)
190,CHAAMPION of Rarity Farming SZN 1 (XP)
191,2nd Place Rarity Farming SZN 1 (Rarity)
192,2nd Place Rarity Farming SZN 1 (Kinship)
193,2nd Place Rarity Farming SZN 1 (XP)
194,3rd Place Rarity Farming SZN 1 (Rarity)
195,3rd Place Rarity Farming SZN 1 (Kinship)
196,3rd Place Rarity Farming SZN 1 (XP)
197,Rarity Farming SZN 1 Raanked
198,Summoned Live at Consensus 2021 
199,Steampunk Goggles
200,Steampunk Trousers
201,Mechanical Claw
202,VR Headset
203,Gamer Jacket
204,Game Controller
205,Gotchi Mug
206,Biker Helmet
207,Biker Jacket
208,Aviators
209,Horseshoe Mustache
210,Haunt1 BG
211,Guy Fawkes Mask
212,1337 Laptop
213,H4xx0r Shirt
214,Matrix Eyes
215,Cyborg Eye
216,Rainbow Vomit
217,Energy Gun
218,Mohawk
219,Mutton Chops
220,Punk Shirt
221,Pirate Hat
222,Pirate Coat
223,Hook Hand
224,Pirate Patch
225,Basketball
226,Red Headband
227,23 Jersey
228,10 Gallon Hat
229,Lasso
230,Wraangler Jeans
231,Comfy Poncho
232,Poncho Hoodie
233,Uncommon Cacti
234,Shaaman Poncho
235,Shaaman Hoodie
236,Rare Cacti
237,Mythical Cacti
238,Godlike Cacti
239,Wagie Cap
240,Headphones
241,WGMI Shirt
242,Maan Bun
243,Tinted Shades
244,V-Neck Shirt
245,Gecko Hat
246,APY Shades
247,Up Arrow
248,Up Only Shirt
249,Gecko Eyes
250,CoinGecko Tee
251,Candy Jaar
252,Aastronaut Helmet
253,Aastronaut Suit
254,uGOTCHI Token
255,Space Helmet
256,Lil Bubble Space Suit
257,Bitcoin Guitar
258,Taoist Robe
259,Bushy Eyebrows
260,Beard of Wisdom
261,Aantenna Bot
262,Radar Eyes
263,Signal Headset
264,Aastronaut Crew Member
265,CHAAMPION of Rarity Farming SZN2 (Rarity)
266,CHAAMPION of Rarity Farming SZN2 (Kinship)
267,CHAAMPION of Rarity Farming SZN2 (XP)
268,Rarity Farming SZN2 RARITY 2nd Place
269,Rarity Farming SZN2 KINSHIP 2nd Place
270,Rarity Farming SZN2 XP 2nd Place
271,Rarity Farming SZN2 RARITY 3rd Place
272,Rarity Farming SZN2 KINSHIP 3rd Place
273,Rarity Farming SZN2 XP 3rd Place
274,Rarity Farming SZN2 Raanked
275,Rarity Farming SZN2 ROOKIE OF THE YEAR
276,CHAAMPION of Rarity Farming SZN2 (Rookie Kinship)
277,CHAAMPION of Rarity Farming SZN2 (Rookie XP)
278,Rarity Farming SZN2 KINSHIP ROOKIE 2nd Place
279,Rarity Farming SZN2 XP ROOKIE 2nd Place
280,Rarity Farming SZN2 KINSHIP ROOKIE 3rd Place
281,Rarity Farming SZN2 XP ROOKIE 3rd Place
282,Rarity Farming SZN2 RARITY Top 10
283,Rarity Farming SZN2 KINSHIP Top 10
284,Rarity Farming SZN2 XP Top 10
285,Rarity Farming SZN2 RARITY Top 100
286,Rarity Farming SZN2 KINSHIP Top 100
287,Rarity Farming SZN2 XP Top 100
288,Rarity Farming SZN2 XP ROOKIE Top 10
289,Rarity Farming SZN2 KINSHIP ROOKIE Top 10
290,Rarity Farming SZN2 XP ROOKIE Top 100
291,Rarity Farming SZN2 KINSHIP ROOKIE Top 100
292,Brunette Ponytail
293,Leather Tunic
294,Bow and Arrow
295,Forked Beard
296,Doublesided Axe
297,Animal Skins
298,Horned Helmet
299,Longbow
300,Feathered Cap
301,Alluring Eyes
302,Geisha Headpiece
303,Kimono
304,Paper Fan
305,Sus Butterfly
306,Flower Studs
307,Fairy Wings
308,Red Hair
309,Citaadel Helm
310,Plate Armor
311,Spirit Sword
312,Plate Shield
313,Kabuto Helmet
314,Yoroi Armor
315,Haanzo Katana
